{"attempt_id":"O1C-0046","decision_scope":"transformed-field-key-variables-only","decision_variables":{"clause_rotated":[2,3,9,10,11,12,14,16,20,21,23,25,27,28,29,31,35,36,39,40,46,51,53,55,56,57,59,60,61,62,63,66,71,72,74,75,77,79,82,83,84,87,88,89,93,97,98,99,101,102,103,108,111,115,116,117,122,123,126,127,128,130,131,132,136,137,139,141,143,144,145,146,147,150,151,154,156,157,160,164,168,169,173,174,175,176,177,178,179,180,181,182,183,184,185,186,187,188,189,192,196,201,202,203,204,206,214,215,216,220,226,227,228,229,232,233,234,236,241,243,250,251,253,254,255,256],"key_rotated":[1,3,4,10,11,12,13,15,17,21,22,24,26,28,29,30,32,36,37,40,41,47,52,54,56,57,58,60,61,62,63,64,67,72,73,75,76,78,80,83,84,85,88,89,90,94,98,99,100,102,103,104,109,112,116,117,118,123,124,127,128,129,131,132,133,137,138,140,142,144,145,146,147,148,151,152,155,157,158,161,165,169,170,174,175,176,177,178,179,180,181,182,183,184,185,186,187,188,189,190,193,197,202,203,204,205,207,215,216,217,221,227,228,229,230,233,234,235,237,242,244,251,252,254,255,256],"primary":[2,3,9,10,11,12,14,16,20,21,23,25,27,28,29,31,35,36,39,40,46,51,53,55,56,57,59,60,61,62,63,66,71,72,74,75,77,79,82,83,84,87,88,89,93,97,98,99,101,102,103,108,111,115,116,117,122,123,126,127,128,130,131,132,136,137,139,141,143,144,145,146,147,150,151,154,156,157,160,164,168,169,173,174,175,176,177,178,179,180,181,182,183,184,185,186,187,188,189,192,196,201,202,203,204,206,214,215,216,220,226,227,228,229,232,233,234,236,241,243,250,251,253,254,255,256]},"decision_variables_sha256":{"clause_rotated":"b2717ff354862abc1ae01f8a6b0ccef493f35df1fb759a1a707c88cc01448bda","key_rotated":"53bb0d153980b5f9874c3754acb1f1a8af7edfea5f0c053a1045366569d86924","primary":"b2717ff354862abc1ae01f8a6b0ccef493f35df1fb759a1a707c88cc01448bda"},"full256_search":[{"conflict_limit":512,"model_publicly_verified":false,"model_sha256":null,"name":"internal","resources":{"cpu_microseconds":60334,"peak_rss_bytes":41287680,"wall_microseconds":23383},"stats":{"conflicts":515,"decisions":12925,"propagations":143130},"status":"UNKNOWN"},{"conflict_limit":512,"model_publicly_verified":false,"model_sha256":null,"name":"primary","potential":{"assignment_notifications":15539,"backtracks":602,"conditional_factor_evaluations":2618995,"decision_scope":"explicit","eligible_decision_variables":126,"factor_count":836,"maximum_abs_support":0.6405710216720683,"maximum_assigned_variables":447,"maximum_decision_level":354,"observed_variables":447,"offset":6.425430921119808,"repeated_decisions":6465,"requested_decisions":6591,"source_sha256":"2222616d2a44e87fc0d5d9cdc9186be091388d7513d9136ef2e65cc1c3bc8b2a"},"resources":{"cpu_microseconds":155379,"peak_rss_bytes":40828928,"wall_microseconds":115913},"stats":{"conflicts":513,"decisions":11003,"propagations":79569},"status":"UNKNOWN"},{"conflict_limit":512,"model_publicly_verified":false,"model_sha256":null,"name":"key_rotated","potential":{"assignment_notifications":12945,"backtracks":615,"conditional_factor_evaluations":2410481,"decision_scope":"explicit","eligible_decision_variables":126,"factor_count":836,"maximum_abs_support":0.6689204681462789,"maximum_assigned_variables":500,"maximum_decision_level":417,"observed_variables":500,"offset":5.353079843696351,"repeated_decisions":4933,"requested_decisions":5059,"source_sha256":"314acfafd458f45264c567435e6728556a72f41674e4e34635971f090a66455f"},"resources":{"cpu_microseconds":158655,"peak_rss_bytes":40419328,"wall_microseconds":117703},"stats":{"conflicts":513,"decisions":9775,"propagations":81929},"status":"UNKNOWN"},{"conflict_limit":512,"model_publicly_verified":false,"model_sha256":null,"name":"clause_rotated","potential":{"assignment_notifications":16870,"backtracks":612,"conditional_factor_evaluations":3577763,"decision_scope":"explicit","eligible_decision_variables":126,"factor_count":836,"maximum_abs_support":0.5623185723323403,"maximum_assigned_variables":447,"maximum_decision_level":353,"observed_variables":447,"offset":5.776597061976986,"repeated_decisions":6661,"requested_decisions":6787,"source_sha256":"0fff46a89d97807a247fd22acd18854b69d347434633d43e167e37ca092d312a"},"resources":{"cpu_microseconds":206360,"peak_rss_bytes":40747008,"wall_microseconds":166971},"stats":{"conflicts":512,"decisions":11553,"propagations":92756},"status":"UNKNOWN"}],"potential_sha256":{"clause_rotated":"1bed47e6753e5f517d9f0227ab7a3643c452eef30e937dfea0f036b0260e6ea6","key_rotated":"c97aad4c6b57fc3284f54dfdd0660b40a67ebeb46ce344823898919c608a3a1c","primary":"307a0aeac84ee5efa4e6900f2105727bedbaa3a32b941102960a0257554cdf1e"},"public_view_sha256":"3f7841b5080200307564c9cb1956db6a48b2129afd21e85c3e76806735f464a0","residual_key_order":[173,174,175,184,59,143,176,9,60,144,177,201,253,179,183,10,27,55,61,82,87,101,115,126,145,178,202,214,226,227,232,254,11,20,28,35,39,56,62,71,74,83,88,97,98,102,116,122,127,136,146,150,156,168,185,186,203,215,228,233,250,255,180,2,3,12,14,16,21,23,25,29,31,36,40,46,51,53,57,63,72,75,77,79,84,89,93,99,103,108,111,117,123,128,131,132,137,139,141,147,151,154,157,160,164,169,181,187,188,192,196,204,206,216,220,229,234,236,241,243,251,256,66,130,182,189],"residual_variables":{"8":[173,174,175,184,59,143,176,9],"9":[173,174,175,184,59,143,176,9,60]},"reveal_file_reads":0,"schema":"o1-256-key-only-criticality-attacker-freeze-v1","source_commit":"b0f8bcbd38fd5eb93d25712c1fd92fbeea5d18ae","target_id":"o1c-0044-fresh-0000","target_key_reads":0}
