{"accuracy":0.5078125,"compression_bits_per_key":0.09450941538366919,"correct_bits":520,"key_count":4,"nll_bits_per_bit":0.9996308225961575,"nll_bits_per_key":255.90549058461633,"total_bits":1024,"total_nll_bits":1023.6219623384653}