{"accuracy":0.525390625,"compression_bits_per_key":0.5715301842362805,"correct_bits":269,"key_count":2,"nll_bits_per_bit":0.997767460217827,"nll_bits_per_key":255.42846981576372,"total_bits":512,"total_nll_bits":510.85693963152744}