{"accuracy":0.494140625,"compression_bits_per_key":-2.9824404291623523,"correct_bits":253,"key_count":2,"nll_bits_per_bit":1.0116501579264154,"nll_bits_per_key":258.98244042916235,"total_bits":512,"total_nll_bits":517.9648808583247}