{"clip":[-8,8],"finite_nonzero_counts":[700,700,700],"horizons":[64,65,96],"label_accesses":0,"public_replay_ledger_sha256":"7646dd3505616fcfbb109badde9c1a7d9b017f9fc3f66174fbef81ffeb1acdd0","rounding":"floor(abs(x)+0.5)*sign","scales_float64_hex":["0x1.0000000000000p+1","0x1.0000000000000p+2","0x1.0000000000000p+3"],"schema":"o1-256-o1c22-median-abs-quantizer-v1","total_counts":[768,768,768],"zero_median_fallback":1.0}
