{"arms":{"clause_rotated":{"feature_mean":[0.0,0.0,0.0,-0.01850175435564159,-7.399837527654937e-05,-0.0319095037679758,0.07029088338216162,-0.06663576761881505,-0.04894828796386722,0.00048828125,-0.009033203125,-0.008544921875,0.006103515625000005,-0.024291992187499948,0.005249023437499989],"feature_std":[0.0,0.0,0.0,0.04552482129641917,0.03231202542423582,0.03244623686255673,0.05127023082449367,0.03506182613312808,0.03576688891820382,1.000121973444939,0.7253757009759784,0.7253816186885542,0.5018924087223333,0.3334959522331725,0.23697857964612604],"field":{"capacity":8192,"conflict_horizon":16,"factor_count":843,"factor_file_sha256":"f75934196f1bb8866306c11ea366b8a414f5d4cc6128a693c59f9b16b779dd61","feature_names":["role0_critical","role0_pivot","role0_polarity","role1_critical","role1_pivot","role1_polarity","role2_critical","role2_pivot","role2_polarity","role3_critical","role3_pivot","role3_polarity","role4plus_critical","role4plus_pivot","role4plus_polarity"],"metrics":{"active_clause_variables":439,"active_key_coordinates":126,"active_original_clauses":315,"baseline_chain_count":676,"branch_chain_count":6713,"capacity_truncated":0,"common_chain_count":3125,"coordinate_control":1,"coordinate_rotation":1,"direct_original_parent_observations":855,"excluded_derived_parents":0,"excluded_terminal_conflicts":463,"excluded_unit_parents":465,"exclusive_chain_count":463,"factor_count":843,"global_orientation":1,"pair_count":256,"uncapped_factor_count":843},"minimum_abs_units":1,"score_unit":"exclusive_chain_direct_original_parent_occurrence","serialized_bytes":27044,"source_sha256":"353379c53d4d5fe39bbf892d06ae1ea7e5fe3abab367a3ea166befc8160c1153","state_sha256":"2993753e64e59e36d5bba3bec94dced4a58c1a45a4d9e4c680f69f2e4b402ade","unit_scale":1},"score_sha256":"e89cba6fd4c84d2087fc66d701e928a7f8c91461782958aa541caaf22ec8fd25"},"key_rotated":{"feature_mean":[0.0,0.0,0.0,-0.04774029487002247,0.0016727953885508848,-0.043402477703264,0.10479863484700543,-0.08057530721028652,-0.054094950358072914,-0.01123046875,-0.01025390625,0.0068359375,0.00130208333333334,-0.002441406250000001,-0.009765624999999998],"feature_std":[0.0,0.0,0.0,0.04607926756071966,0.03184861601869934,0.03434318823103284,0.050659379171993625,0.0347148215496358,0.0405666787604657,1.0000590212664868,0.7040037836952759,0.7040452785677241,0.41541121401948233,0.42985139625010543,0.3394427658134105],"field":{"capacity":8192,"conflict_horizon":16,"factor_count":843,"factor_file_sha256":"9917901408f93da963cf738bd0bd54cb9ab30c3c65b153d372b1b42bc82cb7f1","feature_names":["role0_critical","role0_pivot","role0_polarity","role1_critical","role1_pivot","role1_polarity","role2_critical","role2_pivot","role2_polarity","role3_critical","role3_pivot","role3_polarity","role4plus_critical","role4plus_pivot","role4plus_polarity"],"metrics":{"active_clause_variables":439,"active_key_coordinates":126,"active_original_clauses":315,"baseline_chain_count":676,"branch_chain_count":6713,"capacity_truncated":0,"common_chain_count":3125,"coordinate_control":1,"coordinate_rotation":1,"direct_original_parent_observations":855,"excluded_derived_parents":0,"excluded_terminal_conflicts":463,"excluded_unit_parents":465,"exclusive_chain_count":463,"factor_count":843,"global_orientation":1,"pair_count":256,"uncapped_factor_count":843},"minimum_abs_units":1,"score_unit":"exclusive_chain_direct_original_parent_occurrence","serialized_bytes":27044,"source_sha256":"c391209b41909b057b16cbf4bead0778c8b1588558c686b6e42d0ac3beb38d54","state_sha256":"b55ef705b412b136c2bde9854ee4d90c93609563ef38a20a4752e498b42dfc5b","unit_scale":1},"score_sha256":"1b39b0e64fa3a5975e404c03b63acbf3109e9693a89f765be2568cd1ffed116a"},"primary":{"feature_mean":[0.0,0.0,0.0,0.17395235584901075,-0.0011250993846792028,-0.0860147391800361,0.2032038370768233,-0.0017763773600260378,-0.10542805989583348,0.0078125,-0.013671875,0.00146484375,0.07242838541666641,0.0004882812500000074,0.008300781250000038],"feature_std":[0.0,0.0,0.0,0.04693724578397452,0.03504461050287639,0.03442306873960767,0.04807499296490199,0.04115070988156811,0.03960989575715948,1.0000915708989604,0.7039456867646324,0.7040769485186168,0.4090489219043692,0.42985805366584523,0.3394817553094215],"field":{"capacity":8192,"conflict_horizon":16,"factor_count":843,"factor_file_sha256":"9ef3998766dc33f8721c5fc79b9ce4f6c735702cfc176162f6a4ce4340f742d4","feature_names":["role0_critical","role0_pivot","role0_polarity","role1_critical","role1_pivot","role1_polarity","role2_critical","role2_pivot","role2_polarity","role3_critical","role3_pivot","role3_polarity","role4plus_critical","role4plus_pivot","role4plus_polarity"],"metrics":{"active_clause_variables":439,"active_key_coordinates":126,"active_original_clauses":315,"baseline_chain_count":676,"branch_chain_count":6713,"capacity_truncated":0,"common_chain_count":3125,"direct_original_parent_observations":855,"excluded_derived_parents":0,"excluded_terminal_conflicts":463,"excluded_unit_parents":465,"exclusive_chain_count":463,"factor_count":843,"pair_count":256,"uncapped_factor_count":843},"minimum_abs_units":1,"score_unit":"exclusive_chain_direct_original_parent_occurrence","serialized_bytes":27044,"source_sha256":"e38dcb6d4677dfbb2f12d8419545da8e1ae81e0489bfda91daf81e555274162e","state_sha256":"58c8e2eb07632b4b4e2a26b148283effc30cc2391c276ed294a0bb64335c747f","unit_scale":1},"score_sha256":"b90cca2036438b56f3fff02f6653110c9d400dde6512d17db15abdbd196db9f3"}},"attempt_id":"O1C-0044","candidate_keys_sha256":"c8aeb9031ac92f3e82d6b063cdb19535d63ef95d55f4de1782451dab442e4d55","candidate_panel":{"count":4096,"domain":"O1C43-parent-criticality-decoy-v1","duplicate_policy":"reject","generator":"sha256(domain || public-view-digest || uint64le(index))"},"natural_field":{"capacity":8192,"conflict_horizon":16,"factor_count":843,"factor_file_sha256":"9ef3998766dc33f8721c5fc79b9ce4f6c735702cfc176162f6a4ce4340f742d4","feature_names":["role0_critical","role0_pivot","role0_polarity","role1_critical","role1_pivot","role1_polarity","role2_critical","role2_pivot","role2_polarity","role3_critical","role3_pivot","role3_polarity","role4plus_critical","role4plus_pivot","role4plus_polarity"],"metrics":{"active_clause_variables":439,"active_key_coordinates":126,"active_original_clauses":315,"baseline_chain_count":676,"branch_chain_count":6713,"capacity_truncated":0,"common_chain_count":3125,"direct_original_parent_observations":855,"excluded_derived_parents":0,"excluded_terminal_conflicts":463,"excluded_unit_parents":465,"exclusive_chain_count":463,"factor_count":843,"pair_count":256,"uncapped_factor_count":843},"minimum_abs_units":1,"score_unit":"exclusive_chain_direct_original_parent_occurrence","serialized_bytes":27044,"source_sha256":"e38dcb6d4677dfbb2f12d8419545da8e1ae81e0489bfda91daf81e555274162e","state_sha256":"58c8e2eb07632b4b4e2a26b148283effc30cc2391c276ed294a0bb64335c747f","unit_scale":1},"o1c43_manifest_sha256":"189c15a8aafb18e8dbde8269fd2c0d5db3ca1447b5b306d6eaa8efa0035be0c6","o1c43_result_sha256":"4e1910e564f913959051078d96ac3d6e165cd3739355a3b41e274c643cec9568","pre_reveal_artifact_sha256":{"candidate_keys.bin":"c8aeb9031ac92f3e82d6b063cdb19535d63ef95d55f4de1782451dab442e4d55","field.bin":"58c8e2eb07632b4b4e2a26b148283effc30cc2391c276ed294a0bb64335c747f","publication.json":"b985dd4e38e764c250fb4b2e4f38fff02873361a0838399b54ae1acfd87a279a","scores/clause_rotated.f64le":"e89cba6fd4c84d2087fc66d701e928a7f8c91461782958aa541caaf22ec8fd25","scores/key_rotated.f64le":"1b39b0e64fa3a5975e404c03b63acbf3109e9693a89f765be2568cd1ffed116a","scores/primary.f64le":"b90cca2036438b56f3fff02f6653110c9d400dde6512d17db15abdbd196db9f3"},"public_view_sha256":"3f7841b5080200307564c9cb1956db6a48b2129afd21e85c3e76806735f464a0","publication_sha256":"94ba417ac2434624435ba8f2163224f39fe69f461e4d22e9cf99d627973622c0","reader_weights_sha256":"c4149a4695b13efac42268162f8381956c9616f24f25741abbce8d46be6f4d30","schema":"o1-256-fresh-parent-criticality-score-freeze-v1","target_id":"o1c-0044-fresh-0000",