{"attempt_id":"O1C-0043","build_targets":[{"candidate_keys_sha256":"2deda242054f3bf4b17f92e42e4a8adff2d88f1732e560cd78df934df93e651e","decoy_score_sha256":"5b7b13b050367a5128d4189150086fda6d2046da9c348fa65c21a8199abffa87","feature_mean":[0.0,0.0,0.0,0.17773122479838654,-0.002467657930107523,-0.08821824596774194,0.18047855826965103,-0.0030064478711790436,-0.0954259347707426,-0.009905133928571435,0.0033133370535714237,0.0001743861607142904,0.0,0.0,0.0],"feature_std":[0.0,0.0,0.0,0.04644622309793379,0.03321544089535684,0.03379559688311341,0.04246406168429299,0.0377782177400988,0.03726325399392922,0.3755524439459816,0.2913177764072443,0.30556371741461796,0.0,0.0,0.0],"field":{"capacity":8192,"conflict_horizon":16,"factor_count":930,"factor_file_sha256":"7f42a6e8e1722ebfbde14cd14e1048e984ba64cb3ef3e1641c5e9853c672d95d","feature_names":["role0_critical","role0_pivot","role0_polarity","role1_critical","role1_pivot","role1_polarity","role2_critical","role2_pivot","role2_polarity","role3_critical","role3_pivot","role3_polarity","role4plus_critical","role4plus_pivot","role4plus_polarity"],"metrics":{"active_clause_variables":453,"active_key_coordinates":131,"active_original_clauses":324,"baseline_chain_count":665,"branch_chain_count":8192,"capacity_truncated":0,"common_chain_count":3793,"direct_original_parent_observations":1070,"excluded_derived_parents":0,"excluded_terminal_conflicts":606,"excluded_unit_parents":613,"exclusive_chain_count":606,"factor_count":930,"pair_count":256,"uncapped_factor_count":930},"minimum_abs_units":1,"score_unit":"exclusive_chain_direct_original_parent_occurrence","serialized_bytes":29816,"source_sha256":"a766f8668b8d64b0e7d2ca997670c5d72689ce26dff82f0b8fbdb4532b07da9a","state_sha256":"cd1addc3910fcb76c569cbd578e74be7ab3f635b939bbd899b39bbf7eb0bed54","unit_scale":1},"instance_sha256":"194270361440e9aaf9b2a213575b9788ad9f6defef80586cad5ace9c472e7ce2","public_view_sha256":"aac539310b1e6ee49a3a82a7e3757afd232f4d5c513a3562489ff98409990481","rank":{"decoy_max":8.135420169587452,"decoy_mean":-2.194425197110661e-15,"decoy_min":-5.715096114525291,"decoy_std":1.3586643942428407,"rank":28,"rank_fraction":0.006834268977300464,"rank_max":28,"rank_min":28,"strictly_better_decoys":27,"tied_decoys":0,"truth_score":3.91855526354802,"truth_z":2.8841230256363364},"target_id":"build-0000","truth_features":[0.0,0.0,0.0,0.14838709677419354,-0.09032258064516129,-0.09032258064516129,0.18777292576419213,-0.11135371179039301,-0.11135371179039301,0.14285714285714285,0.14285714285714285,0.14285714285714285,0.0,0.0,0.0],"truth_key_sha256":"73fd24bc18f0613b5525b63a6554c12b00c6cafab640cddc57469fc1e14a8093","truth_standardized":[0.0,0.0,0.0,-0.6317871737884843,-2.6450024550881372,-0.06226653385343259,0.17177743261519443,-2.8679824089269124,-0.4274392414104603,0.4067668291028008,0.47900889373979627,0.4669492762546248,0.0,0.0,0.0]},{"candidate_keys_sha256":"4482f4b68567607ebf88cd14d3fec4e4da8dee3a44d69e3ac2b78e3e3241812d","decoy_score_sha256":"03d9c5633673eccbb9cbed0aaafa3b741ec2e3700cce9c08d251c141fdb4e60d","feature_mean":[0.0,0.0,0.0,0.1757160828699226,-0.0028423257676499073,-0.0860163616719051,0.22929612571931077,-0.003181945332480822,-0.12129480698529374,0.0,0.0,0.0,0.0,0.0,0.0],"feature_std":[0.0,0.0,0.0,0.0432322158635085,0.0323968275457961,0.03375502555785469,0.04702059938053983,0.0417253461130136,0.04057063474288625,0.0,0.0,0.0,0.0,0.0,0.0],"field":{"capacity":8192,"conflict_horizon":16,"factor_count":908,"factor_file_sha256":"18593b99948768b3a380cf28ab138f7f7ad966c47f40fff821afd2a8df1ccc52","feature_names":["role0_critical","role0_pivot","role0_polarity","role1_critical","role1_pivot","role1_polarity","role2_critical","role2_pivot","role2_polarity","role3_critical","role3_pivot","role3_polarity","role4plus_critical","role4plus_pivot","role4plus_polarity"],"metrics":{"active_clause_variables":484,"active_key_coordinates":141,"active_original_clauses":349,"baseline_chain_count":669,"branch_chain_count":6683,"capacity_truncated":0,"common_chain_count":3081,"direct_original_parent_observations":916,"excluded_derived_parents":0,"excluded_terminal_conflicts":521,"excluded_unit_parents":521,"exclusive_chain_count":521,"factor_count":908,"pair_count":256,"uncapped_factor_count":908},"minimum_abs_units":1,"score_unit":"exclusive_chain_direct_original_parent_occurrence","serialized_bytes":29112,"source_sha256":"05ced5fbfbe8f7180e7d9f5b3ce5b602a2257f400722e8c87a43d304b8dccfc3","state_sha256":"e7ca8e47db9a53e3076aa69e4dbc89d627a5658728b753f83f037dfe334bc7d9","unit_scale":1},"instance_sha256":"864acee4971c2eb060e4e1ecf6fbf20c5fc5b615c63b9f4c60ab278441a377c4","public_view_sha256":"b82e8a060db376cba821ba7143cc2facede4e38db9d785b450343c66e53dce8d","rank":{"decoy_max":8.033452742752146,"decoy_mean":4.071395998117566e-15,"decoy_min":-8.108356964245498,"decoy_std":1.3219501613325844,"rank":2,"rank_fraction":0.000488162069807176,"rank_max":2,"rank_min":2,"strictly_better_decoys":1,"tied_decoys":0,"truth_score":6.290979330092435,"truth_z":4.758862712154628},"target_id":"build-0001","truth_features":[0.0,0.0,0.0,0.12572533849129594,-0.13926499032882012,-0.1470019342359768,0.14066496163682865,-0.17391304347826086,-0.17391304347826086,0.0,0.0,0.0,0.0,0.0,0.0],"truth_key_sha256":"65f5183baadc21598a435203963274ab01104d128d45466e55d63549810328cd","truth_standardized":[0.0,0.0,0.0,-1.1563308375507746,-4.210988386696919,-1.8067108987829086,-1.884943306766171,-4.091783868810886,-1.296953740714972,0.0,0.0,0.0,0.0,0.0,0.0]},{"candidate_keys_sha256":"527dfdeb67da1e31d91f8d126f52234389c8c3bec5b5ae91364479dc64685aa7","decoy_score_sha256":"15adf15d41f68ce3a53255ed60fca1bf0143fce847a69822467a8bd5154f2bbf","feature_mean":[0.0,0.0,0.0,0.259616758765244,-0.004690775057164629,-0.12786567501905505,0.20431488925971095,-0.0030150182038834834,-0.10975424757281638,0.0011742001488095238,-0.0028715587797619,0.0014299665178571412,0.0,0.0,0.0],"feature_std":[0.0,0.0,0.0,0.07752626915733733,0.06366225792298011,0.06158598183526206,0.06443834154590873,0.05497076390925264,0.054842851664094534,0.15416873362713718,0.11787163857927786,0.11988439310512866,0.0,0.0,0.0],"field":{"capacity":8192,"conflict_horizon":16,"factor_count":412,"factor_file_sha256":"a853ffd0c6285785847530763c5a783f3d5b690369d432d28589fe165e5b4e78","feature_names":["role0_critical","role0_pivot","role0_polarity","role1_critical","role1_pivot","role1_polarity","role2_critical","role2_pivot","role2_polarity","role3_critical","role3_pivot","role3_polarity","role4plus_critical","role4plus_pivot","role4plus_polarity"],"metrics":{"active_clause_variables":256,"active_key_coordinates":73,"active_original_clauses":173,"baseline_chain_count":666,"branch_chain_count":8192,"capacity_truncated":0,"common_chain_count":3984,"direct_original_parent_observations":448,"excluded_derived_parents":0,"excluded_terminal_conflicts":224,"excluded_unit_parents":266,"exclusive_chain_count":224,"factor_count":412,"pair_count":256,"uncapped_factor_count":412},"minimum_abs_units":1,"score_unit":"exclusive_chain_direct_original_parent_occurrence","serialized_bytes":12752,"source_sha256":"d8362958514d186f7b34b801f2fdcec5a8ffa71b50c01d9dc0857c6486ab3917","state_sha256":"afda42d32975edfd15cec5a7e2353787298db7a08a0e6e7645423c6427504021","unit_scale":1},"instance_sha256":"15bd67b1a2dbb9704e0892e4b57440e7da4b611d679d0baa6ca2022cb750c63a","public_view_sha256":"9cb6ad51b47ebf531855a78380e941f423b09f9ec600daa88bd4449ae832d611","rank":{"decoy_max":6.449761396125602,"decoy_mean":6.800116025829084e-16,"decoy_min":-6.360418103377921,"decoy_std":1.4026800660643177,"rank":42,"rank_fraction":0.010251403465950696,"rank_max":42,"rank_min":42,"strictly_better_decoys":41,"tied_decoys":0,"truth_score":3.509326436154341,"truth_z":2.5018723236018565},"target_id":"build-0002",