{"arms":{"clause_rotated":{"feature_mean":[0.0,0.0,0.0,-0.021362016105200877,-0.0008478547946217491,-0.0364796884234631,0.09412370261732592,-0.0944859473713866,-0.07216779247517789,0.0,0.0,0.0,0.0,0.0,0.0],"feature_std":[0.0,0.0,0.0,0.04813057211393843,0.03321108076022274,0.03369413119725113,0.06407678182853649,0.04422897306379497,0.043058620858365246,0.0,0.0,0.0,0.0,0.0,0.0],"field":{"capacity":8192,"conflict_horizon":16,"factor_count":700,"factor_file_sha256":"42f3e5e888d21213519b4a056702c5e1ee10b161deae0184e16efd913e7cab82","feature_names":["role0_critical","role0_pivot","role0_polarity","role1_critical","role1_pivot","role1_polarity","role2_critical","role2_pivot","role2_polarity","role3_critical","role3_pivot","role3_polarity","role4plus_critical","role4plus_pivot","role4plus_polarity"],"metrics":{"active_clause_variables":459,"active_key_coordinates":134,"active_original_clauses":321,"baseline_chain_count":667,"branch_chain_count":7233,"capacity_truncated":0,"common_chain_count":3405,"coordinate_control":1,"coordinate_rotation":1,"direct_original_parent_observations":700,"excluded_derived_parents":0,"excluded_terminal_conflicts":423,"excluded_unit_parents":423,"exclusive_chain_count":423,"factor_count":700,"global_orientation":1,"pair_count":256,"uncapped_factor_count":700},"minimum_abs_units":1,"score_unit":"exclusive_chain_direct_original_parent_occurrence","serialized_bytes":22456,"source_sha256":"97957da1d754cc601a21e99d8e59e2a4dde5998e86231a118ec97a218f6c38b3","state_sha256":"5d752e021e9bd8e9470aee0f9fc644298c04bcff7cc8f86e6a196117092c5404","unit_scale":1},"score_sha256":"bf795a65cfd6dfacfdc16cc99a8d3ff682d39f2064876c2c7501404c92d8ed7a"},"key_rotated":{"feature_mean":[0.0,0.0,0.0,-0.04882235335401965,-0.0021112680998818002,-0.047299793144208124,0.1453914711191326,-0.11373427628609771,-0.07852866933663977,0.0,0.0,0.0,0.0,0.0,0.0],"feature_std":[0.0,0.0,0.0,0.04809915612751353,0.03264935796174813,0.0361578948169281,0.06015264731540971,0.044633219592238225,0.05120686059828331,0.0,0.0,0.0,0.0,0.0,0.0],"field":{"capacity":8192,"conflict_horizon":16,"factor_count":700,"factor_file_sha256":"68a7e7ef3ae3475fc91fe46f3bedacd9ac28553f30bbde26fae63a23b9f2268e","feature_names":["role0_critical","role0_pivot","role0_polarity","role1_critical","role1_pivot","role1_polarity","role2_critical","role2_pivot","role2_polarity","role3_critical","role3_pivot","role3_polarity","role4plus_critical","role4plus_pivot","role4plus_polarity"],"metrics":{"active_clause_variables":459,"active_key_coordinates":134,"active_original_clauses":321,"baseline_chain_count":667,"branch_chain_count":7233,"capacity_truncated":0,"common_chain_count":3405,"coordinate_control":1,"coordinate_rotation":1,"direct_original_parent_observations":700,"excluded_derived_parents":0,"excluded_terminal_conflicts":423,"excluded_unit_parents":423,"exclusive_chain_count":423,"factor_count":700,"global_orientation":1,"pair_count":256,"uncapped_factor_count":700},"minimum_abs_units":1,"score_unit":"exclusive_chain_direct_original_parent_occurrence","serialized_bytes":22456,"source_sha256":"c4044633827d8717e9db9d5ef488f680ab17f9f132b002d00d584ed988af81ea","state_sha256":"d834e3e07096e2aab244628f64a3eee1f2cebdd741bf272e1c8e6b6de88ba8a2","unit_scale":1},"score_sha256":"5167160f8d2256d0bf4da24c8a0b08910a44aa8b9a4c662e1da9209ab27b9442"},"primary":{"feature_mean":[0.0,0.0,0.0,0.18672313645094432,-0.0029377678043735235,-0.09309434101654862,0.28621918716155426,-0.00546628215252708,-0.15298362759476214,0.0,0.0,0.0,0.0,0.0,0.0],"feature_std":[0.0,0.0,0.0,0.04858102931452725,0.03626679627065301,0.03576151438332279,0.05547837336506715,0.05534220501552209,0.05034635515733576,0.0,0.0,0.0,0.0,0.0,0.0],"field":{"capacity":8192,"conflict_horizon":16,"factor_count":700,"factor_file_sha256":"dc2d01de1937c8629b062289535bf85ff6cc0c5e8871f2dced424ee205c0b57c","feature_names":["role0_critical","role0_pivot","role0_polarity","role1_critical","role1_pivot","role1_polarity","role2_critical","role2_pivot","role2_polarity","role3_critical","role3_pivot","role3_polarity","role4plus_critical","role4plus_pivot","role4plus_polarity"],"metrics":{"active_clause_variables":459,"active_key_coordinates":134,"active_original_clauses":321,"baseline_chain_count":667,"branch_chain_count":7233,"capacity_truncated":0,"common_chain_count":3405,"direct_original_parent_observations":700,"excluded_derived_parents":0,"excluded_terminal_conflicts":423,"excluded_unit_parents":423,"exclusive_chain_count":423,"factor_count":700,"pair_count":256,"uncapped_factor_count":700},"minimum_abs_units":1,"score_unit":"exclusive_chain_direct_original_parent_occurrence","serialized_bytes":22456,"source_sha256":"f0cc34afda108f80c432f24870dcc78a3d9644905928aca3dcc6ad9569e08b29","state_sha256":"b0f846acbcab6e2e9e24bcbfce20a511aa40d21b49fb8a9ca97b6184fb742ebb","unit_scale":1},"score_sha256":"cd009955c3c3803f4933a193d09ee8fa0a8b208f8743ddd1358c38377826bcd9"}},"attempt_id":"O1C-0043","candidate_keys_sha256":"99de85a15a647b5f7c031d44d48a9e4c5776d38dd9ed0a67fd9a96a91dfded54","consumed_reveal_semantic_reads_before_freeze":0,"development_gate_pass":true,"development_score_freeze_sha256":"31f104bf78687bbdd8a1041b74ad6f3e69ca7a806012d1420714d53ebaeb9688","instance_sha256":"eef2142cdf03667a1ad63f0a17362d7e6a2fdc853f2ab3aa565d5949fabfaf54","natural_field":{"capacity":8192,"conflict_horizon":16,"factor_count":700,"factor_file_sha256":"dc2d01de1937c8629b062289535bf85ff6cc0c5e8871f2dced424ee205c0b57c","feature_names":["role0_critical","role0_pivot","role0_polarity","role1_critical","role1_pivot","role1_polarity","role2_critical","role2_pivot","role2_polarity","role3_critical","role3_pivot","role3_polarity","role4plus_critical","role4plus_pivot","role4plus_polarity"],"metrics":{"active_clause_variables":459,"active_key_coordinates":134,"active_original_clauses":321,"baseline_chain_count":667,"branch_chain_count":7233,"capacity_truncated":0,"common_chain_count":3405,"direct_original_parent_observations":700,"excluded_derived_parents":0,"excluded_terminal_conflicts":423,"excluded_unit_parents":423,"exclusive_chain_count":423,"factor_count":700,"pair_count":256,"uncapped_factor_count":700},"minimum_abs_units":1,"score_unit":"exclusive_chain_direct_original_parent_occurrence","serialized_bytes":22456,"source_sha256":"f0cc34afda108f80c432f24870dcc78a3d9644905928aca3dcc6ad9569e08b29","state_sha256":"b0f846acbcab6e2e9e24bcbfce20a511aa40d21b49fb8a9ca97b6184fb742ebb","unit_scale":1},"public_view_sha256":"1104e95585172233bb7b92a1915f1f47bd4213a68a6d3b79452fcdf08b02468c","reader_sha256":"c4149a4695b13efac42268162f8381956c9616f24f25741abbce8d46be6f4d30","schema":"o1-256-parent-criticality-consumed-repeat-freeze-v1","target_id":"o1c-0042-fresh-0000"}
