{"attempt_id":"O1C-0043","build_reader_freeze_sha256":"9e49061999b5c791ba991899d334f1665fe65b85f17f489c06219d0be5bf457e","candidate_panel":{"count_per_target":4096,"domain":"O1C43-parent-criticality-decoy-v1","duplicate_policy":"reject","generator":"sha256(domain || public-view-digest || uint64le(index))"},"development_label_semantic_reads_before_freeze":0,"reader_sha256":"c4149a4695b13efac42268162f8381956c9616f24f25741abbce8d46be6f4d30","schema":"o1-256-parent-criticality-development-score-freeze-v1","targets":[{"arms":{"clause_rotated":{"feature_mean":[0.0,0.0,0.0,-0.020159154156454476,-0.00040929457720588166,-0.034140593086193015,0.05208478009259241,-0.048300057870370276,-0.03753182870370369,0.0,0.0,0.0,0.0,0.0,0.0],"feature_std":[0.0,0.0,0.0,0.040595381990011836,0.026158089300843002,0.028228984447375132,0.039330083386195896,0.024673649149106542,0.024808503649807516,0.0,0.0,0.0,0.0,0.0,0.0],"field":{"capacity":8192,"conflict_horizon":16,"factor_count":1287,"factor_file_sha256":"d8b5792dade50ad20926de70283f8dcca01794dea3caadcb11c901646b5e8998","feature_names":["role0_critical","role0_pivot","role0_polarity","role1_critical","role1_pivot","role1_polarity","role2_critical","role2_pivot","role2_polarity","role3_critical","role3_pivot","role3_polarity","role4plus_critical","role4plus_pivot","role4plus_polarity"],"metrics":{"active_clause_variables":519,"active_key_coordinates":151,"active_original_clauses":381,"baseline_chain_count":666,"branch_chain_count":7192,"capacity_truncated":0,"common_chain_count":3160,"coordinate_control":1,"coordinate_rotation":1,"direct_original_parent_observations":1549,"excluded_derived_parents":0,"excluded_terminal_conflicts":872,"excluded_unit_parents":872,"exclusive_chain_count":872,"factor_count":1287,"global_orientation":1,"pair_count":256,"uncapped_factor_count":1287},"minimum_abs_units":1,"score_unit":"exclusive_chain_direct_original_parent_occurrence","serialized_bytes":41240,"source_sha256":"dceb03e661fe3dda97083377a0ee37b3e9cb799ec462d11807fccf9acc4d1f67","state_sha256":"c7bcb15b595d2f117a51570e3e3a5445877e4767a0b1008b91b6f1b0255a2a61","unit_scale":1},"score_sha256":"75e0f8dfa06cb7ca39e2aff7169478cb77cb5dad71077335ff305ac4d03698db"},"key_rotated":{"feature_mean":[0.0,0.0,0.0,-0.04365250331903642,0.001144907832924835,-0.04350330627042511,0.08118055555555516,-0.06103117766203686,-0.04235857928240738,0.0,0.0,0.0,0.0,0.0,0.0],"feature_std":[0.0,0.0,0.0,0.040064233264335225,0.027227285618016767,0.02985026640603133,0.03750445700372116,0.027939107453915073,0.03145159602473484,0.0,0.0,0.0,0.0,0.0,0.0],"field":{"capacity":8192,"conflict_horizon":16,"factor_count":1287,"factor_file_sha256":"e9460f1295a624e2d6206fad4bdb80cdb646117f37042a0290b62e5c414f4733","feature_names":["role0_critical","role0_pivot","role0_polarity","role1_critical","role1_pivot","role1_polarity","role2_critical","role2_pivot","role2_polarity","role3_critical","role3_pivot","role3_polarity","role4plus_critical","role4plus_pivot","role4plus_polarity"],"metrics":{"active_clause_variables":519,"active_key_coordinates":151,"active_original_clauses":381,"baseline_chain_count":666,"branch_chain_count":7192,"capacity_truncated":0,"common_chain_count":3160,"coordinate_control":1,"coordinate_rotation":1,"direct_original_parent_observations":1549,"excluded_derived_parents":0,"excluded_terminal_conflicts":872,"excluded_unit_parents":872,"exclusive_chain_count":872,"factor_count":1287,"global_orientation":1,"pair_count":256,"uncapped_factor_count":1287},"minimum_abs_units":1,"score_unit":"exclusive_chain_direct_original_parent_occurrence","serialized_bytes":41240,"source_sha256":"7d826231842ebd506a8a89d5146a82dba6915082a2c9a4c9156bf2af77f2a72e","state_sha256":"e87213a32e59321b327e38d8bae03096db375a9d16a85abfcf9265e0567fadd0","unit_scale":1},"score_sha256":"1dc38a41db4774a6e4bc12be5608966593eaaaf943f084f3e9b4871a9e2616cf"},"primary":{"feature_mean":[0.0,0.0,0.0,0.1648084852430557,-0.0018150977839052238,-0.08080735549428142,0.14681640625,-0.0009255642361111115,-0.07669162326388873,0.0,0.0,0.0,0.0,0.0,0.0],"feature_std":[0.0,0.0,0.0,0.04044304216569123,0.02965862740761334,0.030865758762593735,0.03595472399115994,0.03221800795699385,0.03093400186756339,0.0,0.0,0.0,0.0,0.0,0.0],"field":{"capacity":8192,"conflict_horizon":16,"factor_count":1287,"factor_file_sha256":"1413a29e1f99fd593c9a2c148e5ab6ea53386b8224ca62102ad96f9ad854ea19","feature_names":["role0_critical","role0_pivot","role0_polarity","role1_critical","role1_pivot","role1_polarity","role2_critical","role2_pivot","role2_polarity","role3_critical","role3_pivot","role3_polarity","role4plus_critical","role4plus_pivot","role4plus_polarity"],"metrics":{"active_clause_variables":519,"active_key_coordinates":151,"active_original_clauses":381,"baseline_chain_count":666,"branch_chain_count":7192,"capacity_truncated":0,"common_chain_count":3160,"direct_original_parent_observations":1549,"excluded_derived_parents":0,"excluded_terminal_conflicts":872,"excluded_unit_parents":872,"exclusive_chain_count":872,"factor_count":1287,"pair_count":256,"uncapped_factor_count":1287},"minimum_abs_units":1,"score_unit":"exclusive_chain_direct_original_parent_occurrence","serialized_bytes":41240,"source_sha256":"d507671f02115da629d18b9d1caa31226477604f93cbfb121dba0d6fcc039890","state_sha256":"5f63805e45fcd8a161c061bd73ae31434e870db6ee3d7ca0f173890c0710307e","unit_scale":1},"score_sha256":"be974e311d903ca639d3eded23ce28b7da3080cddf3e1f1cb99e72cf3ae1e639"}},"candidate_keys_sha256":"f4581f0e810fe5179e35ddc669402a76bf96f802dfe79f5f159089f4a00730d8","instance_sha256":"3897beac365064a39e57ea480c349d1dcb69900fb48c1a291332682b1acb1d9a","natural_field":{"capacity":8192,"conflict_horizon":16,"factor_count":1287,"factor_file_sha256":"1413a29e1f99fd593c9a2c148e5ab6ea53386b8224ca62102ad96f9ad854ea19","feature_names":["role0_critical","role0_pivot","role0_polarity","role1_critical","role1_pivot","role1_polarity","role2_critical","role2_pivot","role2_polarity","role3_critical","role3_pivot","role3_polarity","role4plus_critical","role4plus_pivot","role4plus_polarity"],"metrics":{"active_clause_variables":519,"active_key_coordinates":151,"active_original_clauses":381,"baseline_chain_count":666,"branch_chain_count":7192,"capacity_truncated":0,"common_chain_count":3160,"direct_original_parent_observations":1549,"excluded_derived_parents":0,"excluded_terminal_conflicts":872,"excluded_unit_parents":872,"exclusive_chain_count":872,"factor_count":1287,"pair_count":256,"uncapped_factor_count":1287},"minimum_abs_units":1,"score_unit":"exclusive_chain_direct_original_parent_occurrence","serialized_bytes":41240,"source_sha256":"d507671f02115da629d18b9d1caa31226477604f93cbfb121dba0d6fcc039890","state_sha256":"5f63805e45fcd8a161c061bd73ae31434e870db6ee3d7ca0f173890c0710307e","unit_scale":1},"public_view_sha256":"e622cc6b5b99913d759179a1a371335a4945cf35a1089da973896896c05291d7","target_id":"development-0000"},{"arms":{"clause_rotated":{"feature_mean":[0.0,0.0,0.0,-0.015967959449404802,-0.0009989835778061221,-0.024775290975765193,0.07570677624258035,-0.07833871360348452,-0.055660440235533515,0.0,0.0,0.0,0.0,0.0,0.0],"feature_std":[0.0,0.0,0.0,0.04360427080484779,0.02684306766033753,0.027952219851538278,0.05621249477293124,0.03771758699918872,0.037492330949186435,0.0,0.0,0.0,0.0,0.0,0.0],"field":{"capacity":8192,"conflict_horizon":16,"factor_count":925,"factor_file_sha256":"4229ed8fdf886e92424f78ef4b203fded5ae92f50cbf31aef9a8844b1d2c5750","feature_names":["role0_critical","role0_pivot","role0_polarity","role1_critical","role1_pivot","role1_polarity","role2_critical","role2_pivot","role2_polarity","role3_critical","role3_pivot","role3_polarity","role4plus_critical","role4plus_pivot","role4plus_polarity"],"metrics":{"active_clause_variables":475,"active_key_coordinates":130,"active_original_clauses":327,"baseline_chain_count":669,"branch_chain_count":7716,"capacity_truncated":0,"common_chain_count":3564,"coordinate_control":1,"coordinate_rotation":1,