{"attempt_id":"O1C-0041","build_targets":[{"candidate_keys_sha256":"064b7f6f01e50d80bceafac460cc0f6b1c55784ec9ea7697a6c02d77fd46b7ce","field":{"capacity":8192,"conflict_horizon":16,"edge_count":589,"factor_file_sha256":"4e65e81d214a7d70780d79a615f6667e3bd1430bf9b0d1d444f4e68d0c59d054","metrics":{"active_factor_variables":84,"active_key_coordinates":131,"baseline_chain_count":665,"branch_chain_count":8192,"capacity_truncated":0,"common_chain_count":3793,"edge_count":589,"exclusive_chain_count":606,"exclusive_leaf_literal_count":32267,"pair_count":256,"uncapped_edge_count":589},"minimum_abs_units":1,"score_unit":"exclusive_chain_leaf_occurrence","serialized_bytes":4768,"source_sha256":"afa9267d1da5afb00824d1740cfe044c67c57f0ba0cb51dd43f84ca9de7dc481","state_sha256":"d0f7f72a950da5d3649a1f924aba9354f6f0165f0c3e5709d76f0ffe4e9c3fa2","unit_scale":1},"instance_sha256":"194270361440e9aaf9b2a213575b9788ad9f6defef80586cad5ace9c472e7ce2","natural":{"decoy_mean":41.2294921875,"decoy_std":23.089189904326098,"edge_count":589,"rank":3889,"rank_fraction":0.9492311447400537,"rank_max":3892,"rank_min":3867,"strictly_better_decoys":3866,"tied_decoys":25,"truth_correct_edges":299,"truth_score":6.0,"truth_z":-1.525800269887305},"natural_center_sign":-1,"natural_score_sha256":"af8e228bec2c23a7bc1a6c1b5c862999118a05c3992824ef3a7a4e0fe721edcc","ordinal":0,"public_view_sha256":"aac539310b1e6ee49a3a82a7e3757afd232f4d5c513a3562489ff98409990481","reversed":{"decoy_mean":-41.2294921875,"decoy_std":23.089189904326098,"edge_count":589,"rank":228,"rank_fraction":0.05565047595801806,"rank_max":231,"rank_min":206,"strictly_better_decoys":205,"tied_decoys":25,"truth_correct_edges":290,"truth_score":-6.0,"truth_z":1.525800269887305},"reversed_score_sha256":"becacf59b4a211eefa92da5ce9c52c7db9ebdd14a9943e75cc01aceed77be535","target_id":"build-0000","truth_key_sha256":"73fd24bc18f0613b5525b63a6554c12b00c6cafab640cddc57469fc1e14a8093"},{"candidate_keys_sha256":"61354a6d2e27812fe8d2cb3c43039f4edfc229bd66b2e843e954d41db64552db","field":{"capacity":8192,"conflict_horizon":16,"edge_count":588,"factor_file_sha256":"f05126eca1243b220ffab0b20aca4e42f57a23f10215d9097995e330b478ffaa","metrics":{"active_factor_variables":97,"active_key_coordinates":141,"baseline_chain_count":669,"branch_chain_count":6683,"capacity_truncated":0,"common_chain_count":3081,"edge_count":588,"exclusive_chain_count":521,"exclusive_leaf_literal_count":39386,"pair_count":256,"uncapped_edge_count":588},"minimum_abs_units":1,"score_unit":"exclusive_chain_leaf_occurrence","serialized_bytes":4760,"source_sha256":"d46ceef6487bb72818848dce2a2925f243435ebbde917ca758862fecd99b3d31","state_sha256":"affe6f29d737636c92f31f6823b229bce9545be8ecd4d84fa499f47d1060e8ec","unit_scale":1},"instance_sha256":"864acee4971c2eb060e4e1ecf6fbf20c5fc5b615c63b9f4c60ab278441a377c4","natural":{"decoy_mean":41.44091796875,"decoy_std":19.292793812108744,"edge_count":588,"rank":2391,"rank_fraction":0.5835977544544789,"rank_max":2528,"rank_min":2374,"strictly_better_decoys":2373,"tied_decoys":154,"truth_correct_edges":312,"truth_score":37.0,"truth_z":-0.23018532266502245},"natural_center_sign":-1,"natural_score_sha256":"6256069f91cb0afdd8f762615c161c036e6f64bd587b228901423bcb835d45c8","ordinal":1,"public_view_sha256":"b82e8a060db376cba821ba7143cc2facede4e38db9d785b450343c66e53dce8d","reversed":{"decoy_mean":-41.44091796875,"decoy_std":19.292793812108744,"edge_count":588,"rank":1587,"rank_fraction":0.38735660239199415,"rank_max":1724,"rank_min":1570,"strictly_better_decoys":1569,"tied_decoys":154,"truth_correct_edges":276,"truth_score":-37.0,"truth_z":0.23018532266502245},"reversed_score_sha256":"f445fa2130a7df04b034244b2cac26e0351cf7c2e520eac85a79f9d645612939","target_id":"build-0001","truth_key_sha256":"65f5183baadc21598a435203963274ab01104d128d45466e55d63549810328cd"},{"candidate_keys_sha256":"89271740da78219741106c6e27ae8d93ae4af7dc724fd9201c4a149e6f3ab2eb","field":{"capacity":8192,"conflict_horizon":16,"edge_count":177,"factor_file_sha256":"b6b2634b3d714e2edaada46665042f5dee0ceb4cceea80e72c6f19bc0c46a1e1","metrics":{"active_factor_variables":53,"active_key_coordinates":73,"baseline_chain_count":666,"branch_chain_count":8192,"capacity_truncated":0,"common_chain_count":3984,"edge_count":177,"exclusive_chain_count":224,"exclusive_leaf_literal_count":3129,"pair_count":256,"uncapped_edge_count":177},"minimum_abs_units":1,"score_unit":"exclusive_chain_leaf_occurrence","serialized_bytes":1472,"source_sha256":"0747b0de6e90867b951a9b0beed7953b9b8f7d51b1a81da4ae4dc29afc7a8677","state_sha256":"98ef3853b8d58d60772b6ec7e917d9f55e81e630296777e9020cdedc92df7cdf","unit_scale":1},"instance_sha256":"15bd67b1a2dbb9704e0892e4b57440e7da4b611d679d0baa6ca2022cb750c63a","natural":{"decoy_mean":29.5009765625,"decoy_std":12.71285194842992,"edge_count":177,"rank":4072,"rank_fraction":0.9938979741274103,"rank_max":4077,"rank_min":4067,"strictly_better_decoys":4066,"tied_decoys":10,"truth_correct_edges":86,"truth_score":-5.0,"truth_z":-2.7138659918682517},"natural_center_sign":-1,"natural_score_sha256":"f2b6a01de3e1411e0335ba75777dee28a5573092684de65a5a6ce4d22c007fca","ordinal":2,"public_view_sha256":"9cb6ad51b47ebf531855a78380e941f423b09f9ec600daa88bd4449ae832d611","reversed":{"decoy_mean":-29.5009765625,"decoy_std":12.71285194842992,"edge_count":177,"rank":26,"rank_fraction":0.006346106907493288,"rank_max":31,"rank_min":21,"strictly_better_decoys":20,"tied_decoys":10,"truth_correct_edges":91,"truth_score":5.0,"truth_z":2.7138659918682517},"reversed_score_sha256":"dc5e0b9d1567da5e8ee998815c2a80f3e4ad7f271d106c88aa53e544412ae3c2","target_id":"build-0002","truth_key_sha256":"2f4df7b1e0555e0d6eafa9cb2b525c8fa92b9cd9fa8e1ee3762241e4e591da3d"},{"candidate_keys_sha256":"c3b17d30afa6e428a16b8383da8e374a01a5b3dd4a418782aa52c7f914f951cf","field":{"capacity":8192,"conflict_horizon":16,"edge_count":686,"factor_file_sha256":"dc8c9f1c2db888893ca8813474c74c73ee9ab7bdd17b21c2360bf7c7c52eb8aa","metrics":{"active_factor_variables":102,"active_key_coordinates":146,"baseline_chain_count":664,"branch_chain_count":7200,"capacity_truncated":0,"common_chain_count":3286,"edge_count":686,"exclusive_chain_count":628,"exclusive_leaf_literal_count":36851,"pair_count":256,"uncapped_edge_count":686},"minimum_abs_units":1,"score_unit":"exclusive_chain_leaf_occurrence","serialized_bytes":5544,"source_sha256":"55458f6d6e06f0c1cf9eb610b08005db5b1a9ac1de69cf37313923e59cf871b8","state_sha256":"d320b17df89805788eae71e0231151da122efea72c23c2c37c8fdf3fc15ca508","unit_scale":1},"instance_sha256":"7e6d299d91eae7dcaf2d5df481ab62249991459957bd59bf722d989c39def944","natural":{"decoy_mean":39.423828125,"decoy_std":21.940090669866283,"edge_count":686,"rank":1868,"rank_fraction":0.45594337319990236,"rank_max":1922,"rank_min":1779,"strictly_better_decoys":1778,"tied_decoys":143,"truth_correct_edges":364,"truth_score":42.0,"truth_z":0.11741846985793249},"natural_center_sign":1,"natural_score_sha256":"700a5550e76859481e22f4a5789e8d36aaadc6e8998ec7e63e9d9c0ec38edcb4","ordinal":3,"public_view_sha256":"826c8915e2c4009865637e069d88cda7b1cd981295de45aac020a220c7c96a72","reversed":{"decoy_mean":-39.423828125,"decoy_std":21.940090669866283,"edge_count":686,"rank":2265,"rank_fraction":0.5528435440566268,"rank_max":2319,"rank_min":2176,"strictly_better_decoys":2175,"tied_decoys":143,"truth_correct_edges":322,"truth_score":-42.0,"truth_z":-0.11741846985793249},"reversed_score_sha256":"44a810db71b5d04636e9babf4114cee0c5bfd144d86d934a841aff4375411002","target_id":"build-0003","truth_key_sha256":"a9b2b997f8fec8ffe6f599ea2fd9df0558c5e5209b3ab1b6a6120654bdf54e1d"}],"claim_level":"RETROSPECTIVE_DIAGNOSTIC","schema":"o1-256-antecedent-chain-build-selection-v1","selection":{"natural_geometric_rank_fraction":0.7078391446747692,"pooled_rank_product_selection":-1,"reversed_geometric_rank_fraction":0.09325505188716376,"strict_center_signs":[-1,-1,-1,1],"strict_selection":0},"selection_rules":{"development_uses_only_pooled_build_selection":true,